Hg,Comprimento,Vaz?o,Valor
5,50,100,5511.344058
25,50,300,69815.76291
20,150,1200,227678.8874
15,500,1350,215889.7623
20,1000,150,48112.5141
